ID,Name,N,E
1,Большетарханское городище,54.669011111000032,48.613580556000045
2,Большетарханское Ia селище,54.698180556000068,48.520522222000068
3,Большетарханское II селище,54.695055556000057,48.517552778000038
4,Большетарханское I селище,54.698850000000050,48.528752778000069
5,Большетарханское VI селище,54.725513889000069,48.542227778000040
6,Большетарханское IV селище,54.695366667000030,48.510555556000043
7,Большетарханское III местонахождение,54.707736111000031,48.543208333000052
8,Тюкашинское местонахождение,54.670383333000075,48.594405556000027
9,Юматихинское I селище,54.835188889000051,48.861702778000051
10,Юматихинское II селище,54.832619444000045,48.858827778000034
11,Юматихинское III селище,54.835288889000026,48.858011111000053
12,Юматихинское IV селище,54.837041667000051,48.865436111000065
13,Тетюшское II городище,54.943297222000069,48.845352778000063
14,Тетюшское II селище,54.942477778000068,48.844225000000051
15,Елховское городище,55.063341667000032,48.999130556000068
16,Елховское селище,55.063691667000057,49.000461111000050
17,Сюкеевское I селище,55.088038889000075,49.013294444000053
18,Сюкеевское (Мазарки) селище,55.106533333000073,49.031319444000076
19,Мордовско-Каратаевское I селище,55.107511111000065,49.105605556000057
20,Мордовско-Каратаевское II селище,55.106444444000033,49.103630556000041
21,Мордовско-Каратаевское III селище,55.105561111000043,49.101250000000050
22,Мордовско-Каратаевское IV селище,55.104025000000036,49.099361111000064
23,Мордовско-Каратаевское V селище,55.102527778000081,49.099019444000078
24,Красно-Каратаевское городище,55.164252778000048,49.279175000000066
25,Кирельское I селище,55.126888889000043,49.177936111000065
26,Кирельское II селище,55.124161111000035,49.174805556000081
27,Кирельское III селище,55.133405556000071,49.181027778000043
28,Кирельское I (Сокол I) городище,55.127358333000075,49.180813889000035
29,Кирельское II (Сокол II) городище,55.125858333000053,49.180555556000058
30,Камско-Устьинское I  (Обач) селище,55.199272222000047,49.295563889000050
31,Камско-Устьинcкое II (Обач) селище,55.199725000000058,49.300688889000071
32,Камско-Устьинское (Обач) городище,55.199997222000036,49.299388889000056
33,Русско-Буртасское I городище,55.399522222000030,49.039083333000065
34,Русско-Буртасское II городище,55.397894444000030,49.041680556000074
35,Теньковское селище,55.442202778000080,48.968847222000079
36,Теньковское городище,55.442013889000066,48.967613889000063
37,Карамышихинское селище,55.589800000000082,48.480600000000038
38,Карамышихинское городище,55.589200000000062,48.481330556000046
39,Нижнебарышевское II селище,55.314108333000036,48.679227778000040
40,Булым-Булыхчинское II селище,55.245316667000054,48.471508333000031
41,Апастовское городище,55.210100000000068,48.505300000000034
42,Бишевское городище,55.232652778000045,48.458861111000033
43,Бишевское селище,55.233100000000036,48.459600000000080
44,Черки-Бибкеевское I селище,55.161086111000031,48.377352778000045
45,Черки-Бибкеевское II селище,55.153141667000057,48.376966667000033
46,Черки-Бибкеевское III селище,55.158191667000040,48.379455556000039
47,Черки-Бибкеевское II селище,55.147500000000036,48.375680556000077
48,Черки-Бибкеевское V селище,55.149927778000063,48.374777778000066
49,Черки-Бибкеевское I городище,55.156711111000050,48.380013889000054
50,Черки-Бибкеевское II городище,55.149400000000071,48.379197222000073
51,Япанчинское (Луковское) селище,55.504500000000064,48.390100000000075
52,Большефроловское городище,55.051700000000039,48.368900000000053
53,Большефроловское I селище,55.056800000000067,48.363200000000063
54,Большефроловское II селище,55.051400000000058,48.370300000000043
55,Степановское I городище,55.011597222000034,48.370469444000037
56,Степановское II (Шишка) городище,54.995783333000077,48.403025000000071
57,Степановское II селище,55.016141667000056,48.363469444000032
58,Степановское III селище,54.996183333000033,48.402961111000081
59,Степановское IV селище,55.035713889000078,48.348777778000056
60,Степановское V селище,55.002619444000061,48.388250000000028
61,Большекарлангинское городище,54.976100000000031,48.390600000000063
62,Большекарлангинское I селище,54.976200000000063,48.391900000000078
63,Большекарлангинское II селище,54.972400000000050,48.392500000000041
64,Большекарлангинское III селище,54.964200000000062,48.396100000000047
65,Большекарлангинское IV селище,54.956680556000038,48.394572222000079
66,Большекарлангинское V селище,54.948925000000031,48.394013889000064
67,Козловское селище,54.866350000000068,48.383808333000047
68,Красно-Польское I селище,54.896963889000062,48.433375000000069
69,Красно-Польское II селище,54.896863889000031,48.417452778000040
70,Старобурундуковское (Красная Круча) местонахождение,54.809033333000059,48.409805556000038
71,Кильнинское II селище,54.823711111000080,48.462352778000081
72,Чабровское II селище,54.772302778000039,48.363980556000058
73,Русско-Кищакское III селище,54.834400000000073,48.443080556000041
74,Киртелинское II селище,54.751027778000037,48.644233333000045
75,Киртелинское местонахождение,54.755861111000058,48.636752778000073
76,Красный Восток селище,54.720516667000027,48.641552778000062
77,Сюндюковское I селище,54.725363889000050,48.280658333000076
78,Сюндюковское II селище,54.706805556000063,48.261800000000051
79,Сюндюковское местонахождение,54.692208333000053,48.242897222000067
80,Нижнетарханское местонахождение,54.750375000000076,48.545402778000039
81,Баргузинское селище,55.207108333000065,49.039141667000081
82,Саралинское I (Тексер -  Лысая Гора) городище,55.323677778000047,49.231616667000026
83,Саралинское II (Девичья Гора) городище,55.326897222000071,49.226666667000075
84,Ташкирменьское I городище,55.315400000000068,49.386936111000068
85,Ташкирменьское I селище,55.314383333000080,49.386966667000081
86,Ташкирменьское II (Бишек-Тау) городище,55.315797222000072,49.384297222000043
87,Ташкирменьское II селище,55.315880556000081,49.384169444000065
88,Ташкирменьское III селище,55.304077778000078,49.392966667000053
89,Ташкирменьское IV селище,55.315411111000060,49.388138889000061
90,Ташкирменьское V селище,55.316486111000074,49.386677778000035
91,Ташкирменьское VI селище,55.315105556000049,49.384875000000079
92,Ташкирменьское III местонахождение,55.317972222000037,49.385094444000060
93,Рождественское городище,55.433163889000070,49.350344444000029
94,Рождественский II могильник,55.430291667000063,49.339613889000077
95,Рождественское III селище,55.421525000000031,49.356816667000032
96,Рождественское IV селище,55.432069444000035,49.341883333000055
97,Карадулинское II селище,55.509511111000052,49.323288889000025
98,Лаишевское II селище,55.396819444000073,49.598527778000062
99,Серебрячихинское I селище,55.403055556000027,49.630475000000047
100,Серебрячихинское II селище,55.392950000000042,49.614241667000044
101,Чирпынское селище,55.436572222000052,49.703719444000058
102,Именьковское I городище,55.435113889000036,49.698736111000073
103,Именьковское I местонахождение,55.427561111000045,49.705241667000053
104,Именьковское II местонахождение,55.435888889000069,49.718113889000051
105,Именьковское I селище,55.434777778000068,49.698463889000038
106,Именьковское II городище,55.417836111000042,49.733872222000059
107,Полянкинское селище,55.388350000000059,49.786611111000070
108,Шуранское селище,55.361227778000057,49.841300000000047
109,Гремячеключинское селище,55.361083333000067,49.842480556000055
110,Троицко-Урайское I (Широкая Гора) городище,55.463330556000074,50.206163889000038
111,Троицко-Урайское I селище,55.464841667000030,50.205888889000050
112,Троицко-Урайское II городище,55.463372222000032,50.207944444000077
113,Селище на месте городища Черепашье,55.466497222000044,50.763261111000077
114,Тарасова Пристань городище,55.492725000000064,50.811430556000062
115,Секинесьское I городище,55.511222222000072,51.336166667000043
116,Мамадышское селище,55.717522222000071,51.396116667000058
117,Малиновка I селище,54.581308333000038,48.904527778000045
118,Малиновка III селище,54.557608333000076,48.913933333000045
119,Старая Майна I селище,54.629472222000061,48.930666667000025
120,Старая Майна II селище,54.631258333000062,48.932469444000048
121,Старая Майна III селище,54.633469444000070,48.932986111000048
122,Старая Майна IV селище,54.636636111000030,48.931869444000029
123,Старая Майна V селище,54.608566667000048,48.963163889000043
124,Грязнухинское I селище,54.655288889000076,48.951863889000037
125,Грязнуха II селище,54.652202778000060,48.935144444000059
126,Грязнуха III селище,54.683613889000071,48.970486111000071
127,Грязнуха IV селище,54.698947222000072,48.981633333000048
128,Танкеевское I селище,54.822497222000038,49.108602778000034
129,Танкеевское II селище,54.828380556000070,49.104827778000072
130,Маклашеевское II городище,54.814661111000078,49.038977778000060
131,Маклашеевское I селище,54.819586111000035,49.028880556000047
132,Маклашеевское II селище,54.819247222000058,49.034250000000043
133,Маклашеевское III селище,54.817786111000032,49.037941667000041
134,Маклашеевское IV селище,54.817355556000052,49.042636111000036
135,Балымерское городище Шолом,54.850622222000027,48.960208333000026
136,Балымерское I селище,54.852050000000077,48.958497222000062
137,Балымерское II селище,54.849425000000053,48.961983333000035
138,Балымерское III селище,54.848061111000050,48.963497222000058
139,Балымерское IV селище,54.848641667000038,48.962972222000076
140,Балымерское V селище,54.847300000000075,48.964741667000055
142,Полянское II селище,54.826636111000028,48.984025000000031
143,Балымерское II (Турецкая крепость) городище,54.888441667000052,48.941491667000037
144,Урнякское городище,54.911983333000080,48.932458333000056
145,Бабий Бугор селище,54.987108333000037,49.043613889000028
146,Коптелов Бугор городище,54.987325000000055,49.064138889000048
147,Щербетьское  Островное I селище,55.018611111000041,49.267347222000069
148,Щербетьское  Островное II селище,55.020677778000049,49.261680556000044
149,Малиновка II селище,55.120094444000074,49.402119444000050
150,Малиновка IV селище,55.109161111000049,49.400547222000057
151,Ембулатихинское I селище,55.069372222000027,49.361752778000039
152,Ембулатихинское II селище,55.073305556000037,49.367502778000073
153,Ембулатихинское III селище,55.082541667000044,49.363211111000055
154,Ембулатихинское IV селище,55.084950000000049,49.363297222000028
155,Куйбышевское  I селище,55.046144444000049,49.302258333000054
156,Куйбышевское II селище,55.047483333000059,49.398858333000078
157,Куйбышевское III селище,55.045172222000076,49.394138889000033
158,Куйбышевское IV селище,55.049144444000035,49.384202778000031
159,Куйбышевское V селище,55.041188889000068,49.379444444000058
160,Косяковское I селище,55.066658333000078,49.432333333000031
161,Косяковское II селище,55.060525000000041,49.422350000000051
162,Кураловское селище,55.036616667000033,49.421516667000049
163,Никольское селище,54.920011111000065,49.397483333000082
164,Антоновское селище,54.915336111000045,49.528575000000046
165,Хланеевское селище,54.864830556000072,49.550905556000032
166,Нижнеборисковское селище,54.815269444000080,49.580486111000027
167,Кошкинское селище,54.835169444000030,49.631597222000039
168,Тюгульбаевское I селище,54.823700000000031,49.654350000000079
169,Тюгульбаевское II селище,54.808772222000073,49.669113889000073
170,Девичий городок селище,55.132894444000044,49.477441667000051
171,Измерское I селище,55.132208333000051,49.539127778000079
172,Измерское местонахождение,55.123391667000078,49.546825000000069
173,Коминтерновское городище,55.153377778000049,49.586563889000047
174,Коминтерновское I селище,55.153600000000040,49.592300000000080
175,Коминтерновское II селище,55.154400000000066,49.596700000000055
176,Коминтерновское III селище,55.140833333000046,49.559716667000032
177,Коминтерновское IV (Курган) селище,55.152713889000040,49.566544444000044
178,Пичкасское I селище,55.129305556000077,49.553144444000054
179,Пичкасское II селище,55.131147222000038,49.560911111000053
180,Пичкасское местонахождение,55.119466667000040,49.552927778000026
181,Вожинское селище,55.109847222000042,49.588247222000064
182,Бураковское I селище,55.134500000000060,49.664500000000032
183,Бураковское II городище,55.135100000000079,49.665900000000079
184,Бураковское III селище,55.127222222000057,49.666180556000029
185,Кожаевское селище,55.123594444000048,49.639055556000073
186,Каюковское селище,55.142000000000053,49.704361111000026
187,Базяковское селище,55.143913889000032,49.716119444000071
188,Войкинское I селище,55.110002778000080,49.765838889000065
189,Войкинское III селище,55.105880556000045,49.768458333000069
190,Войкинское IV селище,55.102122222000048,49.793133333000071
191,Войкинское V селище,55.114030556000046,49.787983333000057
192,Ямкинское I селище,55.105780556000070,49.755066667000051
193,Ямкинское  IV селище,55.110052778000068,49.734855556000070
194,Караваевское I селище,55.098955556000078,49.831927778000079
195,Караваевское II селище,55.096425000000067,49.835877778000054
196,Гурьевское III селище,55.052766667000071,49.894241667000074
197,Старосельское I селище,55.030888889000039,49.890977778000035
198,Базарноматакское I селище,54.933747222000079,49.957552778000036
199,Базарноматакское II селище,54.939555556000073,49.952702778000059
200,Биктемировское селище,54.868266667000057,49.954458333000048
201,Тяжбердинское I селище,54.850261111000066,49.923041667000064
202,Тяжбердинское II селище,54.847294444000056,49.928363889000082
203,Березовогривское городище,55.190477778000059,49.716336111000032
204,Мокрокурналинское I селище,55.317288889000054,49.963136111000040
205,Мокрокурналинское III селище,55.303627778000077,50.011991667000075
206,Мокрокурналинское I местонахождение,55.291566667000041,49.930369444000064
207,Мокрокурналинское III местонахождение,55.296705556000063,50.038452778000078
208,Остолоповское II селище,55.359780556000032,50.328888889000041
209,Большетигановское I селище,55.116836111000055,50.137577778000036
210,Большетигановское III селище,55.148852778000048,50.136847222000029
211,Ошнякское II селище,55.096877778000078,50.131225000000029
212,Ледокольское селище,55.119527778000077,50.243250000000046
213,Ледокольское местонахождение,55.119333333000043,50.238100000000031
214,Лягушкинское I селище,55.134227778000081,50.244194444000073
215,Лягушкинское II селище,55.123552778000033,50.237500000000068
216,Байтеряковское I селище,55.364800000000059,50.370600000000081
217,Байтеряковское III селище,55.342800000000068,50.375900000000058
218,Байтеряковское IV селище,55.337000000000046,50.377300000000048
219,Березовское городище,55.390897222000035,50.463852778000046
220,Новочистопольское I селище,55.346072222000032,50.669452778000050
221,Новочистопольское II селище,55.337633333000042,50.653119444000026
222,Новочистопольское IV селище,55.340097222000054,50.651488889000063
223,Новочистопольское V селище,55.332788889000028,50.647080556000049
224,Галактионовское I местонахождение,55.385350000000074,50.816127778000066
225,Русскосарсазское городище,55.419952778000038,51.005766667000046
226,Русскосарсазское I местонахождение,55.412305556000035,51.014425000000074
227,Суворовское селище,55.403883333000067,51.086419444000057
228,Свердловское I селище,55.364041667000038,51.147247222000033
229,Среднетолкишкинское I селище,55.342322222000064,51.013841667000065
230,Татсунчелеевское городище,54.724538889000030,50.735941667000077
231,Татсунчелеевское I селище,54.726080556000056,50.735802778000050
232,Татсунчелеевское II селище,54.729697222000027,50.713116667000065
233,МЮД I селище,54.725183333000075,50.756719444000055
234,МЮД II селище,54.713683333000063,50.780280556000037
235,МЮД III селище,54.717072222000070,50.771466667000027
236,Старомокшинское городище,54.727658333000079,50.806533333000061
237,Старомокшинское I селище,54.724291667000045,50.802241667000033
238,Старомокшинское III селище,54.725088889000062,50.803355556000042
239,Старокиязлинское I селище,54.734850000000051,51.043155556000045
240,Старокиязлинское II селище,54.740561111000034,51.054913889000034
241,Новокутушское II селище,54.709636111000066,51.153333333000035
242,Новокутушское III селище,54.711855556000046,51.164063889000033
243,Ульяновское I селище,54.727811111000051,51.242825000000039
244,Ульяновское II селище,54.730833333000078,51.252266667000072
245,Староильимовское II селище,54.744663889000037,51.344311111000081
246,Тюрнясевское  I селище,54.602627778000056,50.583688889000030
247,Тюрнясевское II селище,54.605450000000076,50.597658333000027
248,Кичкальнинское селище,54.730072222000047,50.367827778000049
249,Нижнекачеевское V селище,54.679358333000039,50.016722222000055
250,Нижнекачеевское III селище,54.672975000000065,50.020391667000069
251,Нижнекачеевcкое V местонахождение,54.679552778000073,50.022369444000049
252,Нижнеалькеевcкое III селище,54.787097222000057,50.080788889000075
253,Нижнеалькеевcкое II селище,54.783413889000030,50.074041667000074
254,Чувбродcкое III селище,54.731152778000080,50.081338889000051
255,Юхмачинское селище,54.642566667000040,49.998975000000030
256,Верхнеальмурзинское I селище,54.617950000000064,49.909511111000029
257,Верхнеальмурзинское II селище,54.620966667000062,49.909941667000055
258,Белозерское селище,54.520633333000035,50.002891667000029
259,Новосахчинское местонахождение,54.449980556000071,50.015841667000075
260,Старосахчинское селище,54.433755556000051,49.916380556000036
261,Сихтерьминское селище,54.764786111000035,49.888077778000081
263,Старосантемировское II селище,54.312716667000075,50.076425000000029
264,Новокармалинское местонахождение,54.390322222000066,50.310550000000035
265,Старокармалинское местонахождение,54.422044444000051,50.287291667000034
266,Маломаксимкинское I селище,54.440616667000029,50.324283333000039
267,Маломаксимкинское II селище,54.453241667000043,50.309950000000072
268,Старомаксимкинское местонахождение,54.477430556000058,50.338697222000064
269,Каргоринское III местонахождение,54.536966667000058,50.650791667000078
270,Каргоринское селище,54.530566667000073,50.711658333000059
271,Русско-Менчинское селище,54.547983333000047,50.684591667000063
272,Бурметьевское II селище,54.572794444000067,50.822969444000080
273,Бурметьевское III селище,54.576127778000057,50.835200000000043
274,Вишневополянское I селище,54.528522222000049,50.745863889000077
275,Вишневополянское II селище,54.547994444000039,50.739297222000062
276,Сиделькинское I селище,54.547838889000047,51.103058333000035
277,Сиделькинское II селище,54.550277778000066,51.104988889000026
278,Сиделькинское III селище,54.547763889000066,51.107391667000059
280,Чувашское Эштебенькино I селище,54.597133333000045,51.141983333000042
281,Чувашское Эштебенькино II селище,54.610380556000052,51.170950000000062
282,Баганское селище,54.620072222000033,51.189147222000031
283,Каменнобродское I селище,54.638380556000072,51.328577778000067
284,Каменнобродское II селище,54.640069444000062,51.261288889000070
285,Искровское селище,54.657127778000074,51.305105556000058
286,Казанкинское II селище,54.666658333000044,51.333111111000051
287,Казанкинское III селище,54.678569444000061,51.389930556000081
288,Пролетарское городище,54.542391667000061,51.054213889000039
289,Карабикуловское I селище,54.428497222000033,51.770702778000043
290,Покровское селище,54.473033333000046,51.179300000000069
291,Покровское I местонахождение,54.471786111000029,51.205350000000067
292,Покровское II местонахождение,54.468183333000070,51.208138889000054
294,Сотниковское I селище,54.690180556000030,51.467777778000027
295,Сотниковское II селище,54.704541667000058,51.481783333000067
296,Сотниковское IV селище,54.715425000000039,51.507961111000043
297,Сотниковское V селище,54.706827778000047,51.479036111000028
298,Сотниковское III селище,54.712580556000034,51.490494444000035
299,Сотниковское VI селище,54.697458333000043,51.461541667000063
300,Урнякское I селище,54.583877778000044,50.814813889000050
301,Урнякское II селище,54.583252778000031,50.824397222000073
302,Урнякское III селище,54.586288889000059,50.847463889000039
303,Курманаевское I селище,54.565272222000033,50.881008333000068
304,Курманаевское II селище,54.551475000000039,50.901444444000049
305,Единение селище,54.549886111000035,50.633497222000074
306,Краснозвездинское селище,54.568641667000065,50.773975000000064
307,Сосновкинское I селище,55.122505556000078,51.241766667000036
308,Сосновкинское II селище,55.123055556000054,51.218497222000053
309,Сосновкинское III селище,55.121388889000059,51.222005556000056
310,Ленинское I местонахождение,55.204208333000054,51.270097222000061
311,Ленинское III местонахождение,55.187683333000052,51.280736111000067
312,Горшковское I селище,55.247061111000050,51.226597222000066
313,Буденновское селище,55.338680556000043,51.189172222000082
314,Кармалкинское селище,55.321194444000071,51.211594444000070
315,Кулмаксинское селище,55.274091667000050,51.248700000000042
316,Архангельское I селище,55.127658333000056,51.250716667000063
317,Архангельское II селище,55.140058333000070,51.257925000000057
318,Архангельское III местонахождение,55.184405556000058,51.297188889000040
319,Архангельское V местонахождение,55.122744444000034,51.246883333000028
320,Старопальчиковское I селище,55.388694444000066,51.917072222000058
321,Старопальчиковское местонахождение,55.387241667000069,51.927366667000058
322,Старопальчиковское городище,55.403500000000065,51.893216667000047
323,Малопальчиковское селище,55.382186111000067,51.868622222000056
324,Малопальчиковское местонахождение,55.386036111000067,51.853097222000031
325,Тубинское I селище,55.476391667000030,51.764866667000035
326,Ташлыкское I селище,55.492197222000073,51.788769444000081
327,Зай-Чишминское селище,55.071572222000043,52.122994444000028
328,Ямашское селище,55.021786111000040,52.176002778000054
329,Новомавринское селище,55.096372222000070,52.092147222000051
330,Петровкинское селище,55.011352778000060,52.179950000000076
331,Подлесношенталинское городище,55.094661111000050,50.350966667000080
332,Ржавецкое I селище,54.999688889000026,49.164491667000050
333,Ржавецкое II селище,54.999294444000043,49.147583333000057
334,Ржавецкое IV селище,54.999638889000039,49.152947222000080
335,Щербетьское II селище,55.000891667000076,49.311463889000038
336,Щербетьское III селище,55.002122222000082,49.305541667000057
337,Светло-Ключинское городище,55.462966667000046,51.558094444000062
338,Селенгушское I селище,54.734516667000037,50.471769444000074
339,Селенгушское II селище,54.736758333000068,50.471038889000056
341,Танайка городище,55.747266667000076,51.922002778000035
342,Чабьинское селище,55.642363889000080,51.848633333000066
343,Набережно-Челнинское I селище,55.725694444000055,52.347097222000059
344,Батраковское селище,55.815902778000066,52.656011111000055
345,Деуковское I селище,55.786075000000039,52.916291667000053
346,Калмашское селище,55.719722222000030,52.629102778000060
347,Кузкеевское селище,55.774833333000061,52.801927778000049
348,Подгорно-Байларское IV селище,55.746744444000058,52.989997222000056
349,Кырнышское IV селище,55.854002778000051,52.733941667000067
350,Кырнышское III селище,55.844852778000075,52.733333333000076
351,Новобиксентеевское селище,55.713250000000073,53.412766667000028
352,Дербешкинское II местонахождение,55.853850000000079,53.503655556000069
353,Тавлинское селище,55.650300000000072,48.278700000000072
354,Рождественское VI селище,55.420111111000040,49.364113889000066
355,Байчугинское погребение,55.337736111000027,49.451050000000066
356,Байчугинское I селище,55.339030556000068,49.449288889000059
357,Байчугинское II селище,55.341152778000037,49.447530556000061
358,Рождественское II селище,55.417188889000045,49.372525000000053
359,Богородицкий могильник,55.428802778000033,49.680513889000053
360,Богородицкое I селище,55.425591667000049,49.664494444000070
361,Именьковский III могильник,55.425652778000028,49.713683333000063
362,Именьковское II селище,55.425530556000069,49.715955556000040
363,Кирюшкин городок городище,55.370300000000043,49.853400000000079
364,Мурзихинское III местонахождение,55.343483333000052,49.976602778000029
365,Кубасское селище,55.383447222000029,50.416594444000054
366,Кубасское местонахождение,55.386180556000056,50.409586111000067
367,Николаевское I селище,55.465319444000045,50.422200000000032
368,Троицко-Урайский могильник,55.465033333000065,50.204938889000061
369,Троицко-Урайское II селище,55.461972222000043,50.206402778000040
370,Троицко-Урайское III селище,55.461936111000057,50.208377778000056
371,Алексеевское X селище,55.347197222000034,50.017986111000027
372,Бурнашевское II селище,55.411161111000069,50.928005556000073
373,Малополянское V селище,55.398588889000052,50.973794444000077
374,Суворовское II селище,55.408513889000062,51.097933333000071
375,Большеатынское VI местонахождение,55.406138889000033,51.747600000000034
376,Имянлебашское I селище,55.358955556000069,51.836291667000069
377,Краснокадинское селище,55.420697222000058,51.796183333000045
378,Малоатынское I селище,55.451352778000057,51.756775000000061
379,Малоатынское II селище,55.440133333000063,51.771238889000074
380,Малоерыклинское II селище,55.465766667000082,51.680855556000040
381,Самарцевское селище,55.360447222000062,51.844913889000054
382,Старопальчиковское II селище,55.388183333000029,51.930925000000059
383,Тубинское II селище,55.462563889000080,51.764969444000030
384,Канонерское I местонахождение,55.665938889000074,52.967222222000032
385,Тамьянское I селище,55.370155556000043,53.069983333000039
386,Кзыл-Тауское I селище,55.179677778000041,48.197022222000044
387,Кзыл-Тауское II селище,55.185658333000049,48.198911111000029
388,Кзыл-Тауское III селище,55.192616667000038,48.193761111000072
389,Кзыл-Тауское IV селище,55.202727778000053,48.177947222000057
390,Бикеевское местонахождение,55.245336111000029,48.832980556000052
391,Бикеевское I – II селище,55.244661111000028,48.885219444000029
392,Большеатрясское I селище,55.113350000000082,48.760200000000054
393,Долгополянское I селище,55.047977778000075,48.920941667000079
394,Малоболгоярское селище,55.209222222000051,48.763155556000072
395,Измерское селище,55.138300000000072,49.499700000000075
396,Девичий Городок II селище,55.133922222000081,49.482161111000039
397,Девичий Городок I селище,55.130100000000027,49.460200000000043
398,Измерский IX могильник,55.133297222000067,49.470486111000071
399,Селище на месте Куйбышевского городища,55.044263889000035,49.382850000000076
400,Новомордовское II селище,55.030602778000059,49.144675000000063
401,Саралинское I селище,55.328125000000057,49.226225000000056
402,Саралинское II селище,55.327494444000081,49.228800000000035
403,Семеновское II селище,55.149238889000060,49.476963889000046
404,Семеновское V селище,55.157980556000041,49.490058333000036
405,Соколовское I а селище,55.101438889000065,49.428555556000049
406,Соколовское II а селище,55.106055556000058,49.434908333000067
407,Соколовское III селище,55.112730556000031,49.441258333000064
408,Соколовское IV селище,55.117738889000066,49.438341667000032
409,Старокуйбышевский могильник,55.049497222000070,49.386361111000042
410,Селище на месте Сюкеевского городища,55.075988889000030,49.042455556000050
411,Ташкирменьский могильник,55.313900000000046,49.386602778000054
412,Макаровское селище,55.287811111000053,49.400730556000042
413,Янтиковское (Кирельское) селище,55.146352778000050,49.162794444000042
414,Березовогривский VI могильник,55.200072222000074,49.717705556000055
415,Березовогривское II селище,55.183988889000034,49.703272222000066
416,Бураковское II селище,55.123863889000063,49.654094444000066
417,Городище на Базяковском взвозе,55.176786111000069,49.683933333000027
418,Измерское II селище,55.142458333000036,49.547341667000069
419,Коминтерновский II могильник,55.156216667000081,49.567244444000039
420,Коминтерновский III могильник,55.153905556000041,49.562511111000049
421,Коминтерновское IIIа селище,55.149375000000077,49.561211111000034
422,Коминтерновское местонахождение,55.146052778000069,49.580869444000029
423,Нижнемарьянская стоянка XII селище,55.167950000000076,49.587719444000072
424,Селище на Базяковском взвозе,55.174702778000039,49.682280556000080
425,У Пичкасского рыбопитомника селище,55.122372222000081,49.544730556000047
426,Христофоровское селище,55.146580556000060,49.559925000000078
427,Селище Городок,55.279597222000064,49.912094444000047
428,Васильевское I селище,55.089038889000051,50.730747222000048
429,Старофедоровское I селище,55.294197222000037,50.005769444000066
430,Бабий Бугор селище,54.986530556000048,49.043366667000043
431,Мокрокурналинское поселение II селище,55.311347222000052,50.014994444000081
432,Мокрокурналинское поселение I селище,55.314422222000076,50.022291667000047
433,Карасье-Озерное селище,55.048125000000027,50.741519444000062
434,Карасье-Озерное IV местонахождение,55.046255556000062,50.742205556000044
435,Нижнесаврушинское селище,55.061591667000073,50.644119444000069
436,Русско-Чебоксарское II селище,55.066780556000026,50.910733333000053
437,Русско-Чебоксарское VI селище,55.050852778000035,50.910391667000056
438,Русско-Чебоксарское XIV местонахождение,55.051886111000044,50.907816667000077
439,Саврушинское I местонахождение,55.026952778000066,50.700825000000066
440,Старотатадамское II местонахождение,55.000705556000071,50.592780556000037
441,Азеевское III местонахождение,55.234130556000082,51.143083333000050
442,Андреевское Iа селище,55.032538889000080,51.428888889000064
443,Андреевское II селище,55.034233333000032,51.417816667000068
444,Горшковское II селище,55.241397222000046,51.224236111000039
445,Кармалинское I селище,55.308900000000051,51.201830556000061
446,Кармалинское II селище,55.306822222000051,51.200458333000029
447,Чаллыбашское I селище,55.113730556000064,51.029563889000030
448,Чертушкинское II селище,55.146691667000027,50.997002778000081
449,Акташское I селище,55.041763889000038,52.145172222000042
450,Акташское II селище,55.044019444000071,52.145125000000064
451,Катмышское селище,55.324811111000031,53.158766667000066
452,Староваряжское селище,55.328100000000063,53.194200000000080
453,Кильнинское III селище,54.824377778000041,48.452266667000060
454,Кильнинское IV селище,54.816813889000059,48.436775000000068
455,Кильнинское V селище,54.802469444000053,48.419952778000038
456,Хулашское I селище,54.826441667000040,48.466025000000059
457,Хулашское II селище,54.824019444000044,48.465680556000052
458,Арчиловское I селище,54.819933333000051,48.988588889000027
459,Большетарханское V местонахождение,54.710180556000068,48.543694444000039
460,Киртелинское городище,54.754550000000052,48.638786111000059
461,Тетюшское I городище,54.942186111000069,48.845188889000042
462,Тетюшское I селище,54.962227778000056,48.841272222000043
463,Маклашеевский IV могильник,54.817066667000063,49.024572222000074
464,Маклашеевский V могильник,54.819675000000075,49.032422222000037
465,Подывановское селище,54.988755556000058,49.056972222000070
466,Ржавецкое селище,54.999688889000026,49.144794444000070
467,Марасинское II селище,54.869602778000058,50.257736111000042
468,Старорусскоальметьевское селище,54.776852778000034,50.363100000000031
469,Черебатыровское I селище,54.841811111000027,50.477850000000046
470,МЮД V селище,54.708080556000027,50.789486111000031
471,МЮД VI селище,54.710361111000054,50.784830556000031
472,Новокиреметское  I селище,54.860255556000027,50.710602778000066
473,Новокиреметское II селище,54.864427778000049,50.718025000000068
474,Покровское III селище,54.708327778000069,50.857722222000064
475,Покровское IV селище,54.711997222000036,50.857250000000079
476,Староузеевское III селище,54.703319444000044,50.878322222000065
477,Староузеевское IV селище,54.703219444000069,50.889436111000066
478,Староузеевское V селище,54.708825000000047,50.898922222000067
479,Татсунчелеевское III селище,54.725802778000059,50.719658333000041
480,Татсунчелеевское IV селище,54.723236111000062,50.698891667000055
481,Татсунчелеевское V селище,54.725802778000059,50.690388889000076
482,Татсунчелеевское VI селище,54.717427778000058,50.716452778000075
483,Казанкинское I селище,54.665813889000049,51.338730556000030
484,Новоильмовское селище,54.724519444000066,51.364288889000079
485,Сотниковское I местонахождние,54.713919444000055,51.464616667000030
486,Сотниковское II местонахождение,54.710175000000049,51.484958333000066
487,Сотниковское III местонахождение,54.704927778000069,51.470269444000053
488,Старокиязлинское III селище,54.724913889000049,51.076886111000078
489,Сотниковское IV местонахождение,54.712580556000034,51.508913889000041
490,Юхмачинское I местонахождение,54.635441667000066,49.986105556000041
491,Биляр-Озерское II местонахождение,54.514377778000039,50.487969444000043
492,Большечулпановское местонахождение,54.488261111000043,50.432694444000049
493,Бурметьевское I селище,54.583233333000067,50.864100000000064
494,"Селище на месте Мамыковского городища """"Шихан""",54.652055556000050,50.633105556000032
495,Русская Менча селище,54.540925000000072,50.692880556000034
496,Старочелнинское I селище,54.553672222000046,50.933475000000044
497,Старочелнинское II селище,54.546452778000059,50.937400000000082
498,Старочелнинское III селище,54.555263889000059,50.948452778000046
499,Старочелнинское IV селище,54.561872222000034,50.970616667000058
500,Старочелнинское V селище,54.550161111000079,50.980402778000041
501,Тюрнясевское II местонахождение,54.607825000000048,50.596091667000053
502,Сарабикуловское селище,54.661722222000037,51.885805556000037
503,Сарабикуловское местонахождение,54.646280556000079,51.869669444000067
504,Тойгузинское I селище,55.849461111000039,52.832825000000071
505,Карлейское селище,54.414080556000044,46.400372222000044
506,Ош-Пандо (Моргинское) городище,54.431075000000078,46.470766667000078
507,Ош-Пандо (Чиндяновское) городище,54.447255556000073,46.415866667000046
508,Блюдо I (Николаевское) городище,54.347822222000048,46.537897222000026
509,Блюдо II (Николаевское) городище,54.351636111000062,46.535191667000049
510,Николаевское селище,54.350691667000035,46.539163889000065
511,Енгалычевское I городище,54.323127778000071,46.396980556000074
512,Енгалычевское II городище,54.329772222000031,46.384663889000080
513,Енгалычевское селище,54.326155556000060,46.399169444000051
514,Ош-Пандо (Симкинское) городище,54.252072222000038,46.196908333000067
515,Явлейское I городище,54.319183333000069,46.407194444000027
516,Явлейское II городище,54.307761111000048,46.446802778000063
517,Гулюшево III селище,54.432247222000058,46.596733333000032
518,Кирзять селище,54.410580556000070,46.709747222000033
519,Ашна-Пандо городище,54.417419444000075,46.633519444000058
520,Анша-Пандо селище,54.420880556000043,46.636783333000039
521,Белый Ключ селище,54.438886111000045,46.792700000000082
522,Болтаевское I селище,54.421383333000051,46.771708333000049
523,Выползовское городище,54.485055556000077,46.957502778000048
524,Гулюшевское I селище,54.441194444000075,46.566283333000058
525,Кадышевское городище,54.367569444000083,46.776344444000074
526,Малая Кандарать I селище,54.399530556000059,46.897722222000027
527,Малокандаратское II селище,54.403038889000072,46.887316667000050
528,Малобарышокское I селище,54.576438889000030,46.959352778000039
529,Малобарышокское II селище,54.574930556000027,46.964541667000049
530,Малокандаратское I (Лопатина Вторая) городище,54.399755556000059,46.900297222000063
531,Малокандаратское II (Городкова поляна) городище,54.401566667000054,46.888816667000071
532,Ош-Пандо (Сайнинское) городище,54.483438889000070,46.503088889000026
533,Ош-Пандо (Сайнинское) селище,54.483472222000046,46.504894444000058
534,Сурское селище,54.489983333000055,46.731913889000054
535,Лебедкинское I селище,54.522513889000038,47.062941667000075
536,Никитинское I селище,54.478538889000049,47.067425000000071
537,Никитинское II селище,54.491344444000049,47.067969444000028
538,Усть-Урень селище,54.385450000000048,47.049152778000064
539,Стрельниково селище,54.251102778000075,46.470886111000027
540,Беловодское городище,54.250372222000067,46.638427778000050
541,Беловодское селище,54.255341667000039,46.646452778000025
542,Карсунское селище,54.218663889000027,47.018519444000049
543,Волостниковка II селище,54.724341667000033,48.975597222000033
544,Волостниковка I селище,54.716800000000035,49.007863889000078
545,Волостниковское I местонахождение,54.730027778000078,49.025561111000059
546,Волостниковское II местонахождение,54.737297222000052,49.025288889000080
547,Карлинское III селище,54.328397222000035,48.270322222000061
548,Карлинское IV селище,54.330275000000029,48.269527778000054
549,Карлинское V селище,54.330050000000028,48.271630556000048
550,Комаровское II селище,54.609480556000051,48.296422222000047
551,Новая Беденьга I городище,54.489941667000039,48.384902778000026
552,Новая Беденьга II городище,54.487983333000045,48.387947222000037
553,Новая Беденьга I селище,54.489752778000081,48.379880556000046
554,Ульяновск II селище,54.359652778000054,48.391858333000073
555,Черталинский Овраг селище,54.613933333000034,48.439525000000060
556,Малое Пальцино селище,54.386719444000050,48.481197222000048
557,Ивановка II селище,54.478841667000040,48.849352778000082
558,Сосенки селище,54.473186111000075,48.880152778000081
559,Старомайнское городище,54.653697222000062,48.952863889000071
560,Чердаклинское селище,54.380075000000033,48.857091667000077
561,Алексеевка I селище,54.398791667000069,48.535558333000040
562,Ботьма I селище,54.476266667000061,48.678725000000043
563,Юрманки I селище,54.460847222000041,48.786247222000043
564,Красная Поляна селище,54.607747222000057,49.067122222000080
565,Красная Река I селище,54.582213889000059,49.123791667000035
566,Красная Река II селище,54.602105556000026,49.128427778000059
567,Красная Река III селище,54.549638889000050,49.131044444000054
568,Красная Река IV селище,54.595916667000040,49.121083333000058
569,Краснореченское местонахождение,54.605144444000075,49.127488889000062
570,Большие Ключищи II селище,54.136183333000076,48.209286111000040
571,Кувшиновка I селище,54.187786111000037,48.223794444000077
572,Ульяновск I селище,54.320658333000040,48.407916667000052
573,Андреевка I селище,54.164413889000059,48.793655556000033
574,Ивановское поселение селище,54.330263889000037,50.020672222000030
576,Винновка V селище,53.184225000000026,49.679430556000057
577,Ионин Хребет городище,53.428294444000073,49.462197222000043
580,Большерязанское местонахождение,53.271577778000051,49.274383333000060
581,Старомаксимкинское поселение селище,54.458047222000062,50.360008333000053
582,Баганинское селище,54.626583333000042,51.211977778000062
583,Шигоны II селище,53.370194444000049,48.658605556000055
584,Беляев Колодец селище,53.346519444000080,49.346558333000075
585,Валы I селище,53.333691667000039,49.397694444000081
586,Валы II селище,53.336247222000054,49.397122222000064
587,Валы III селище,53.338158333000081,49.397077778000039
588,Валы V селище,53.349211111000045,49.396036111000058
589,Валы VI селище,53.332858333000047,49.401897222000059
590,Валы VII селище,53.342391667000072,49.401680556000031
591,Жигули II селище,53.366575000000068,49.352933333000067
592,Жуков Овраг I селище,53.351213889000064,49.343152778000047
593,Жуков Овраг II селище,53.344669444000033,49.331086111000047
594,Муромское I селище,53.340561111000056,49.364655556000059
595,Муромское II селище,53.350066667000078,49.366458333000026
596,Бахиловское селище,53.397777778000034,49.599030556000059
597,Лысая Гора городище,53.432925000000068,49.549447222000026
598,Белая Гора городище,53.343805556000063,50.119405556000061
599,Подгоры I селище,53.340575000000058,50.123783333000063
600,Большая Рязань I местонахождение,53.275344444000041,49.316269444000056
601,Большая Рязань II селище,53.255166667000026,49.285269444000050
602,Брусяны I селище,53.194647222000071,49.419633333000036
603,Брусяны II селище,53.212947222000082,49.374883333000071
604,Вишневый Овраг I селище,53.312180556000044,49.423802778000038
605,Вишневый Овраг II селище,53.308113889000026,49.421152778000078
606,Жуков Овраг V селище,53.341677778000076,49.331061111000054
607,Жуков Овраг VI селище,53.340088889000072,49.328572222000048
608,Жуков Овраг VII селище,53.339063889000045,49.325566667000032
609,Красный Пахарь IV селище,53.222466667000049,49.484269444000063
610,Красный Пахарь V селище,53.224136111000064,49.481363889000079
611,Красный Пахарь VII селище,53.214980556000057,49.471280556000067
612,Малая Рязань I селище,53.218608333000077,49.345602778000057
613,Малая Рязань V селище,53.241216667000060,49.349638889000062
614,Малая Рязань VI селище,53.243347222000068,49.351138889000026
615,Малая Рязань VIII селище,53.232816667000066,49.335819444000037
616,Междуреченское селище,53.247325000000046,49.090866667000057
617,Овраг Крутец селище,53.335475000000031,49.354177778000064
618,Сосновый Солонец III селище,53.260255556000061,49.462419444000034
619,Сосновый Солонец IX (Студененькая водичка),53.305147222000073,49.475700000000074
620,Сосновый Солонец X селище,53.310344444000066,49.472963889000027
621,Сосновый Солонец селище,53.256036111000071,49.510633333000044
622,Услада местонахождение,53.267311111000026,49.252197222000063
623,Аскулы I селище,53.273363889000052,49.616461111000035
624,Березовый Солонец I селище,53.252902778000077,49.547791667000070
625,Березовый Солонец II местонахождение,53.242033333000052,49.601675000000057
625,Березовый Солонец II селище,53.225902778000034,49.583197222000081
626,Винновка VI селище,53.197986111000034,49.673844444000053
627,Винновка VII селище,53.216677778000076,49.680058333000034
628,Винновский Овраг селище,53.212952778000044,49.683061111000029
629,Ермаково I селище,53.169780556000035,49.596841667000035
630,Ермаково I местонахождение,53.171886111000049,49.641625000000033
631,Ермаково II селище,53.170680556000036,49.603366667000046
632,Каменная Коза городище,53.178811111000073,49.669525000000078
633,Кармалинское городище,53.201200000000028,49.501669444000072
634,Кармалинское селище,53.199330556000064,49.509286111000051
635,Новинки I селище,53.250925000000052,49.928236111000047
636,Новинки II селище,53.250252778000061,49.960969444000057
637,Новинки IIIа селище,53.246638889000053,49.968083333000038
638,Новинки IX селище,53.251372222000043,49.955794444000048
639,Новинки V селище,53.252322222000032,49.948044444000061
640,Новинки XIII селище,53.240586111000027,49.899011111000050
641,Новинки X селище,53.261658333000071,49.938905556000066
642,Новый Путь II селище,53.143797222000046,49.513977778000026
643,Новый Путь III селище,53.146572222000032,49.505352778000031
644,Новый Путь IV селище,53.148675000000026,49.502800000000036
645,Осиновка I селище,53.219786111000076,49.617536111000049
646,Осиновка III селище,53.190741667000054,49.625258333000033
647,Осиновка III местонахождение,53.185961111000040,49.633725000000027
648,Осиновка IV селище,53.185186111000064,49.629294444000038
649,Ош-Пандо-Нерь городище,53.245455556000081,49.838583333000031
650,Ош-Пандо-Нерь I/II селище,53.243319444000065,49.832380556000032
651,Ош-Пандо-Нерь III селище,53.244744444000048,49.849450000000047
652,Солонцовский Овраг селище,53.266775000000052,49.509380556000053
653,Сосновый Солонец I селище,53.303536111000028,49.504411111000081
654,Сосновый Солонец VII селище,53.324352778000048,49.547475000000077
655,Сосновый Солонец VIII селище,53.301738889000035,49.552538889000061
656,Сосновый Солонец XII селище,53.322713889000056,49.494172222000032
657,Хананов Овраг селище,53.268280556000036,49.537905556000055
658,Хутор Войков селище,53.277272222000079,49.556483333000074
659,Хутор Войков местонахождение,53.282511111000076,49.552902778000032
660,Шелехметь II селище,53.241880556000069,49.878594444000043
661,Шелехметь III селище,53.243166667000082,49.853361111000027
662,Шелехметь IV селище,53.251402778000056,49.871280556000045
663,Шелехметь VI селище,53.251375000000053,49.876647222000031
664,Шелехметь VII селище,53.233494444000030,49.833886111000027
665,Выползово I селище,53.274988889000042,50.105441667000036
666,Выползово II селище,53.306233333000080,50.112030556000036
667,Карлинское селище,53.245527778000053,50.076769444000035
668,Манчиха городище,53.326597222000032,50.102513889000079
669,Рождествено III селище,53.243908333000036,49.997741667000071
670,Торновое I селище,53.277805556000033,50.015588889000071
671,Торновое II городище,53.281191667000030,50.007605556000044
672,Торновое II селище,53.276225000000068,49.999211111000079
673,Усинское I селище,53.250775000000033,50.082738889000041
674,Усинское III селище,53.258966667000038,50.086516667000069
675,Поселок у проезда на с. Подиваново,54.987352778000059,49.072080556000060
676,Поселение в Заречье,54.990283333000036,49.062241667000080
677,Малый Иерусалимский овраг I селище,54.988888889000066,49.069775000000050
678,Малый Иерусалимский овраг II селище,54.988061111000036,49.069966667000074
679,Арбужское городище,54.113766667000050,48.572533333000081
680,Панская Слобода IV селище,54.110536111000044,48.470380556000066
681,Кременкинское V селище,54.154494444000079,48.399011111000050
682,Большие Ключищи IV селище,54.164466667000056,48.232041667000033
683,Луговое VII селище,54.203716667000037,48.228205556000034
684,Анненково I селище,54.213177778000045,48.169666667000058
685,Анненково II селище,54.209525000000042,48.163697222000053
686,Анненково III селище,54.208211111000082,48.156488889000059
687,Анненково IV селище,54.224072222000075,48.207408333000046
688,Белый Ключ IV селище,54.245211111000060,48.296322222000072
689,Ульяновск III селище,54.323336111000060,48.406286111000043
690,Северный  Венец селище,54.343377778000047,48.399111111000082
691,Ипподром селище,54.360702778000075,48.374008333000063
693,Поливно I городище,54.412255556000048,48.354616667000073
694,Поливно II городище,54.416886111000053,48.343994444000032
695,Поливна селище,54.401805556000056,48.363752778000048
696,Поливно II селище,54.415188889000035,48.347255556000050
697,Круглая Поляна городище,54.456836111000030,48.354436111000041
698,Сланцевый Рудник II городище,54.453641667000056,48.355036111000061
699,Сланцевый Рудник I селище,54.452805556000044,48.351527778000047
700,Круглая Поляна I селище,54.459119444000066,48.347086111000067
701,Сланцевый Рудник II селище,54.459658333000050,48.343483333000052
702,Новая Беденьга II селище,54.486611111000059,48.382283333000032
703,Комаровское I городище,54.577563889000032,48.303963889000045
704,Комаровское II городище,54.577819444000056,48.294933333000074
705,Комаровское I селище,54.592005556000061,48.321486111000070
706,Дворики I селище,54.577283333000082,48.293183333000059
707,Комаровский могильник,54.579702778000069,48.297502778000080
708,Криушинское местонахождение,54.110547222000037,48.561502778000033
710,Покровская стоянка III,54.708844444000079,50.833708333000061
711,Балынгузское IV селище,55.007550000000037,50.371886111000038
715,Полянкинская стоянка селище,54.859427778000054,51.781380556000045
716,Полянкинское III селище,54.858391667000035,51.779663889000062
717,Булым-Булыхчинское III селище,55.247600000000034,48.475200000000029
718,Кзыл-Тауское городище,55.202000000000055,48.194900000000075
719,Коммунарское селище,55.195011111000042,48.277819444000045
720,Малобакырчинское селище,55.247919444000047,48.231152778000080
721,Нижнебалтаевское I селище,55.227300000000071,48.300600000000031
722,Починок-Енаевское городище,55.185300000000041,48.411100000000033
723,Починок-Енаевское I селище,55.183800000000076,48.415400000000034
724,Починок-Енаевское II селище,55.179500000000075,48.418700000000058
725,Починок-Енаевское III селище,55.168100000000038,48.441600000000051
726,Среднебалтаевское II селище,55.227800000000059,48.292600000000050
727,Среднебалтаевское I городище,55.227800000000059,48.290300000000059
728,Среднебалтаевское II городище,55.225522222000052,48.297752778000074
729,Среднебалтаевское I селище,55.228900000000067,48.290200000000027
730,Среднебиябашское городище,55.295372222000026,48.280766667000080
731,Черемшанское III селище,55.261700000000076,48.137700000000052
732,Репьевское местонахождение,54.287736111000072,53.286766667000052
733,Старобурундуковское I селище,54.803700000000049,48.403200000000027
734,Степановское VI селище,55.007300000000043,48.372300000000052
735,Степановское VII селище,55.010100000000079,48.371300000000076
736,Степановское VIII селище,55.007800000000032,48.373500000000035
737,Степановское IX селище,55.012200000000064,48.370900000000063
738,Малоподберезинское местонахождение,55.433786111000074,47.915372222000030
739,Старотябердинское селище,55.344200000000058,47.733800000000031
740,Чутеевское местонахождение,55.289863889000060,47.785152778000054
741,Новошешминское I селище,55.060888889000069,51.203513889000078
742,Кичкальнинское VII селище,54.732072222000056,50.338375000000042
743,Среднечелнинское селище,54.525494444000060,50.962944444000073
744,Старотатамзинское I селище,54.815436111000054,50.400527778000026
745,Большетарханское VIII селище,54.701363889000049,48.532033333000072
746,Киртелинское III селище,54.733786111000029,48.618838889000074
747,Кырнышское VII селище,55.826380556000061,52.716861111000071
748,Кирюшкин городок селище,55.370997222000028,49.854911111000035
749,Кушнаренковское селище,55.115911111000059,55.355025000000069
751,Кушнаренковский могильник,55.115100000000041,55.353405556000041
752,Лебединское III селище,55.227488889000028,49.802597222000031
753,Курманаевское IV селище,54.560333333000074,50.899650000000065
754,Иваньково-Ленинское городище Шолом,54.734805556000026,46.672052778000079
755,"Иваньково-Ленинское II """"Ильинский родник"""" селище",54.734761111000068,46.672711111000069
757,Стемасы V селище,54.777605556000026,46.642500000000041
758,Стемасы VII селище,54.773611111000037,46.647444444000030
759,Иваньковская стрелка,54.724836111000059,46.669972222000069
760,Алатырское I (Красная Горка) городище,54.825955556000054,46.615480556000080
761,Алатырское II городище,54.820777778000036,46.615780556000061
762,Макеевское селище,54.709319444000073,46.706511111000054
764,Сара I селище,54.669766667000033,46.737161111000034
765,Лбище городище,53.146777778000057,49.548322222000081
766,Переволокское городище,53.226258333000033,49.247352778000050
767,Стенькин Городок городище,53.260338889000082,49.328697222000073
768,Тимяшевское I селище,54.548933333000036,51.444025000000067
769,Тимяшево II селище,54.546444444000031,51.444775000000050
770,Крепость Кондурча II селище,54.309650000000033,51.326175000000035
771,Славкинское I селище,54.268716667000035,51.244972222000058
772,Сиделькинское IV селище,54.541122222000070,51.086555556000064
773,Сиделькино I могильник,54.550100000000043,51.105005556000037
774,Пролетарское II селище,54.538505556000075,51.060677778000070
775,Пролетарское III селище,54.540061111000057,51.055233333000047
776,Пролетарский мусульманский могильник селище,54.542350000000056,51.040341667000064
777,Карабикулово II селище,54.440533333000076,51.773125000000050
778,Каменный Брод III селище,54.631863889000044,51.313022222000029
779,Красная Багана I селище,54.622850000000028,51.232619444000079
780,Красная Багана II селище,54.622102778000055,51.243133333000060
781,Красная Багана III селище,54.623469444000079,51.207772222000074
782,Крепость Кондурча I селище,54.302922222000063,51.304575000000057
783,Царев Курган селище,53.421805556000038,50.121452778000048
784,Иваньковско-Ленинское I селище,54.734411111000043,46.671586111000067
785,Молебное озеро II селище,54.767244444000028,46.689511111000058
786,Сарское II селище,54.670530556000074,46.733611111000073
787,Сарское III селище,54.671769444000063,46.728588889000036
788,Сарское IV селище,54.673358333000067,46.720866667000053
789,Утюж I селище,54.774591667000038,46.675544444000082
790,Вожжинское II селище,54.728483333000042,48.334538889000044
791,Красно-Каратаевское селище,55.164505556000051,49.277825000000064
792,Березогривское III селище,55.198286111000073,49.731494444000077
793,Комаровское III селище,54.578216667000049,48.304419444000075
794,Красносюндиковское VII селище,54.627325000000042,48.192877778000081
795,Красносюндюковское VI селище,54.648302778000073,48.197097222000082
796,Ундоровское IV городище,54.576586111000040,48.387488889000053
797,Ундоровское III селище,54.576847222000026,48.383669444000077
798,Ундоровское IV селище,54.583769444000040,48.385586111000066
799,Новокиреметское III селище,54.864327778000074,50.713216667000040
800,Мордовско-Каратаевское городище,55.105930556000033,49.104575000000068
801,Горкинское IV селище,55.023627778000048,50.430713889000060
802,Юрманки II селище,54.467519444000061,48.791322222000076
803,Ивановка IV селище,54.469016667000062,48.855866667000043
804,Архангельское IV селище,54.447183333000055,48.700283333000073
805,Карлинское VI селище,54.337841667000077,48.273325000000057
806,У с. Мостовая слобода местонахождение,54.343780556000070,48.327830556000038
807,Русская Беденьга селище,54.656986111000037,48.362527778000072
808,Чертов городок селище,54.475130556000067,48.813666667000064
809,Черемшанское селище,54.122758333000036,49.394513889000052
810,Кирпичноостровское I селище,55.154280556000060,49.504994444000033
811,Головкинское I селище,54.576027778000082,48.872011111000063
812,Головкинское II селище,54.551352778000080,48.825663889000054
813,Головкинcкое III селище,54.569566667000061,48.853094444000078
814,Салдакаевское II поселение,54.540911111000071,50.562444444000050
815,Гулюковский могильник,55.816377778000060,52.919772222000063
816,Старомайнский II могильник,54.558850000000064,48.872908333000055
817,Моргинское I селище,54.421697222000034,46.490208333000055
818,Моргинское II селище,54.424275000000080,46.499105556000075
819,Моргинское III селище,54.415625000000034,46.480013889000077
820,Селище на месте с. Иваньково,54.717133333000049,46.683755556000051
821,Светлое Озеро могильник,54.377144444000066,50.927905556000042
822,Селище у подножья городища Ашна Пандо,54.419619444000034,46.620988889000046
823,Городище у с. Городок,54.722050000000081,49.007447222000053
824,Новотатадамское IV селище,55.001108333000047,50.649252778000061
825,Кирбинское городище,55.556155556000078,49.307516667000073
826,Старокуйбышевское I а селище,55.046791667000036,49.366488889000038
827,Старокуйбышевское I селище ,55.045533333000037,49.376288889000080
828,Старокуйбышевское V селище,55.044022222000081,49.386938889000078
829,Стоянка Малиновка II селище ,55.103341667000052,49.398444444000063
830,Стоянка Щербетьско-Островная VIII селище,55.024936111000045,49.278475000000071
831,Коминтерновское селище,55.153202778000036,49.560525000000041
832,Большеполянское IV селище,55.029477778000057,50.268483333000063
833,Никбаранское I селище ,54.998972222000077,50.320822222000061
834,Большеполянская стоянка,55.031100000000038,50.238902778000067
835,Новославский I могильник,55.025361111000052,49.268250000000080
